,Feitian JavaCOS A22 & A40,Nettle 2.0,OpenSSL 0.9.7 & 1.0.2g & 1.0.2k & 1.1.0e,WolfSSL 2.0rc1 & 3.9.0 & 3.10.2,Cryptix JCE 20050328,cryptlib 3.4.3 & 3.4.3.1,Botan 1.5.6 & 1.11.29 & 2.1.0,Nettle 3.2 & 3.3,NXP J2A080 & J2A081 & J3A081 & JCOP 41 V2.2.1,Gemalto GCX4 72K,Libgcrypt 1.6.0 & 1.6.5 & 1.7.6,Bouncy Castle 1.53 (Java),YubiKey NEO,Gemalto GXP E64,HSM Utimaco Security Server Se50,YubiKey 4 & 4 Nano,Libgcrypt 1.6.0 FIPS & 1.6.5 FIPS,GNU Crypto 2.0.1,SunRsaSign OpenJDK 1.8.0,Microsoft CryptoAPI & CNG & .NET,FlexiProvider 1.7p7,G&D SmartCafe 3.2,G&D SmartCafe 4.x & 6.0,HSM SafeNet Luna SA-1700,OpenSSL FIPS 2.0.12 & 2.0.14,Oberthur Cosmo 64,PolarSSL 0.10.0,Libgcrypt 1.7.6 FIPS,Crypto++ 5.6.0 & 5.6.3 & 5.6.5,PuTTY 0.67,NXP J2D081 & J2E145G,Bouncy Castle 1.54 (Java),mbedTLS 1.3.19 & 2.2.1 & 2.4.2,Infineon JTOP 80K,Oberthur Cosmo Dual 72K,PGPSDK 4,PGPSDK 4 FIPS,LibTomCrypt 1.17
1|0|000000,0,20110,0,0,20175,0,0,0,0,0,0,20457,295,0,12983,0,0,111378,20537,1171,19892,0,0,0,0,0,20356,11,158,7220,68519,769,80496,0,0,0,12792,0
1|0|000001,0,19651,0,0,19493,0,0,0,4721,0,0,20323,514,0,12741,0,0,82005,20198,3522,19682,0,0,0,0,0,19726,21,2761,8411,106864,2466,78468,0,0,0,13074,0
1|0|000010,0,19107,0,0,18973,0,0,0,18703,0,0,20017,513,1,12443,0,0,70500,19997,5884,19331,0,0,0,0,0,19317,34,5870,8312,104233,4008,77066,0,0,0,13059,0
1|0|000011,0,18586,0,0,18438,0,0,0,38086,0,0,19512,464,0,12159,0,0,63295,19785,8040,18986,397,8877,0,0,0,18727,60,9087,8302,101844,5565,75409,0,0,0,13094,0
1|0|000100,0,18352,0,0,18399,0,0,0,64093,0,0,19504,458,1,11781,0,0,58209,19400,10326,18194,3289,70829,0,0,0,18467,53,12303,8154,98617,7197,73591,0,0,0,13281,0
1|0|000101,0,18046,0,0,17881,0,0,0,91048,0,0,19282,476,3,11690,0,0,52885,19389,12530,17977,6350,141099,0,0,0,17977,63,15377,7788,96581,8504,71820,0,0,0,13265,0
1|0|000110,0,17857,0,0,17699,0,0,0,116545,0,0,18570,446,18,11299,0,0,49744,18576,14538,17556,9409,209684,0,0,0,17583,86,18682,7600,93712,10265,69743,0,0,0,13020,0
1|0|000111,0,16857,0,0,17059,0,0,0,141290,0,0,18572,468,33,10990,0,0,46637,18465,16714,17354,12556,278700,0,0,0,17152,109,21493,7561,91357,11657,67907,0,0,0,13369,0
1|0|001000,122,16884,4864,2014,16817,1512,1632,1476,152004,53,2729,18060,400,78,10705,311,1594,44083,18169,19163,16616,14077,311654,517,1497,21,16667,116,24529,7395,88543,13080,67243,22085,142,0,13716,495
1|0|001001,360,16191,14842,6017,16222,4424,4701,4456,151207,159,8073,18099,396,110,10632,817,4636,41298,17768,21124,16233,14378,310469,1440,4349,89,16229,114,27579,6975,86321,14626,64971,66313,396,210,13954,1496
1|0|001010,636,15820,24524,9998,16020,7376,7739,7391,151614,258,13381,17410,399,178,10912,1433,7724,39053,17340,23097,15982,14260,311584,2404,7472,112,16093,131,30779,6824,83555,15959,63553,108714,631,1724,14010,2490
1|0|001011,915,15533,34239,13682,15322,10306,10832,10388,146790,320,18880,17294,345,280,10692,1898,10392,37467,16952,24808,15836,12672,279225,3386,10532,172,15457,141,33311,6649,81010,17414,61529,142014,909,3475,13934,3412
1|0|001100,1159,15238,43804,17641,15012,13046,13829,13025,138649,450,24075,16684,405,392,10344,1913,13680,35324,16767,27245,15200,9810,216092,4260,13266,237,15088,137,36011,6471,78986,18914,60521,141840,1117,5124,13860,4226
1|0|001101,1336,14634,52910,21135,14730,15978,16750,15871,130987,598,28877,16342,362,584,10071,1673,16369,33723,16612,29255,14684,6840,152659,5226,16094,299,14991,157,39361,6445,76811,20208,59050,119308,1374,6849,14230,5259
1|0|001110,1586,14205,62160,24945,14336,18539,19489,18769,127433,655,34195,15868,370,812,9625,1198,19317,31954,15794,30998,14223,4139,91574,6137,18575,352,14314,152,41863,6299,73879,21462,57507,81720,1648,8474,13997,6235
1|0|001111,1865,14068,71121,28529,13914,21467,22441,21480,127646,797,39029,15553,324,1031,9440,720,22153,30626,15716,32603,14052,1507,30060,7079,21339,378,13917,155,44610,6008,71591,22769,55992,47858,1888,10181,13907,7134
1|0|010000,2089,13479,80821,32277,13514,24269,24936,24096,127548,948,43854,15219,344,1310,8890,359,24928,29511,15380,34907,13545,0,0,7923,24086,422,13619,202,47256,5859,69690,24281,54416,22690,2102,11812,14092,8003
1|0|010001,2247,13216,89630,36050,13207,26733,28223,26613,127245,962,48824,15077,298,1583,8745,118,27578,28241,14638,36996,13209,0,0,8609,26892,469,13422,225,50118,5987,67822,25540,53190,8191,2351,13783,13864,8854
1|0|010010,2532,12810,98427,39301,13048,29368,30951,29624,127321,1076,53417,14467,296,1825,8317,26,30267,26585,14419,38087,12807,0,0,9619,29328,510,13014,212,52922,5631,65366,26749,52172,2269,2611,15051,13750,9847
1|0|010011,2790,12518,106871,42775,12522,31936,33610,31919,126781,1159,57934,14110,310,2135,8202,6,33014,25708,14019,40620,12501,0,0,10251,32122,572,12627,208,55304,5425,63205,28126,50425,288,2899,16821,13972,10692
1|0|010100,2906,12281,115409,45790,12285,34622,36889,34698,126337,1271,62540,13482,293,2372,7991,0,35986,24677,13291,42310,12208,0,0,11327,34651,611,12253,232,57270,5304,61080,29045,48862,7,3080,18376,13850,11643
1|0|010101,3223,11907,123826,49621,11838,37034,38777,37350,119708,1361,67641,12978,266,2635,7465,0,38348,23728,12967,43716,11823,0,0,12343,37437,653,11979,238,59803,5170,59106,30487,47233,0,3311,19768,13711,12595
1|0|010110,3454,11568,132307,53110,11654,39486,42093,39958,112997,1443,72047,12400,280,2841,7363,0,41142,22551,12476,45578,11346,0,0,13052,39551,703,11307,247,62716,4934,56690,31636,46354,0,3578,21288,13356,13235
1|0|010111,3660,11247,140787,56485,11187,41873,44444,42239,105885,1507,76395,12185,242,3096,7432,0,43440,21633,11871,47443,11167,0,0,13867,42020,718,10924,255,65124,4849,55560,32855,44438,0,3670,23028,13428,14056
1|0|011000,3887,10979,148654,59962,10762,44310,47262,44978,98684,1617,80505,11416,237,3171,7410,0,46628,20849,11435,49346,10760,0,0,14352,44727,740,10875,293,67765,4688,52968,34118,43811,0,3859,24188,13274,14943
1|0|011001,4073,10571,157222,62748,10573,46908,49006,47376,91922,1715,85544,10867,253,3197,7519,0,48871,19826,10949,50616,10497,0,0,15495,47558,808,10508,286,70541,4546,50352,35398,42228,0,4142,25742,12843,15680
1|0|011010,4262,10254,164307,65836,10206,49292,51951,49453,85307,1820,89835,10174,240,3203,7555,0,51299,18966,10385,51936,10357,0,0,16237,49571,839,10245,321,72567,4501,48380,36234,40798,0,4426,27376,12771,16594
1|0|011011,4495,9792,172910,69434,9912,51897,54600,51848,82136,1881,93729,9860,203,3333,7597,0,53651,18599,9841,51487,9910,0,0,16970,51921,918,9726,296,72110,4333,46866,35276,39559,0,4523,29036,12602,17405
1|0|011100,4717,9513,181174,72449,9532,54004,56778,54334,81960,1902,97697,9319,205,3208,7511,0,55934,17627,9026,49231,9529,0,0,17761,54557,935,9473,250,69945,4142,45141,34030,38256,0,4819,30415,12270,18262
1|0|011101,4855,9289,188139,75773,9260,56403,58771,56448,82155,1980,102788,8696,176,3119,7556,0,58129,16774,8753,47643,9066,0,0,18376,56571,991,9217,262,67803,4044,43094,33036,36594,0,5056,31126,11906,18942
1|0|011110,5049,8864,195852,78926,9008,58501,61497,59049,81907,2114,106148,8307,183,2863,7532,0,60480,16056,8477,45726,8910,0,0,19134,58724,999,9077,232,65279,4010,40974,31593,35888,0,5121,32973,11716,19541
1|0|011111,5475,8396,204182,81977,8703,61308,64068,61350,81758,2127,109928,7805,198,2733,7478,0,63121,15446,7897,44354,8480,0,0,19946,61327,1050,8549,263,63580,3719,38899,30768,34525,0,5364,34203,11649,20710
1|0|100000,5215,8305,203024,81698,8340,61003,64209,61004,82018,2239,110754,7361,199,2355,7325,0,62747,14681,7509,42768,8229,0,0,20203,60915,1079,8343,232,60969,3650,37472,29719,33226,0,5301,34185,11211,20362
1|0|100001,4973,8112,196723,79129,7915,58440,61878,59045,82638,2104,107219,7073,183,2214,6983,0,60807,13797,6994,41196,7962,0,0,19424,58875,1098,7965,240,59062,3483,35702,28750,32102,0,5111,33470,10958,19525
1|0|100010,4800,7633,189159,75371,7791,56454,58887,56554,85672,2039,102686,6700,164,2075,6724,0,58113,13437,6645,39646,7666,0,0,18452,57046,1036,7737,261,56033,3359,34021,27527,30857,0,4904,31881,10809,19079
1|0|100011,4722,7316,182912,72887,7413,54405,56256,54617,84726,1998,98380,6343,131,1859,6448,0,56274,12804,6106,38114,7342,0,0,17696,54417,940,7343,227,54293,3271,32363,26535,29703,0,4840,30370,10541,18013
1|0|100100,4517,6994,174342,69774,7108,52521,55182,52403,85094,1890,94873,5842,147,1527,6328,0,53917,12169,5833,36502,7000,0,0,16824,51964,878,7162,227,52348,3101,29645,25257,28197,0,4499,29033,10119,17393
1|0|100101,4406,6848,167572,66913,6859,49967,52482,50742,85278,1833,91332,5477,141,1273,6240,0,52077,11497,5694,35206,6903,0,0,16368,49823,904,6860,201,49813,3041,28007,24363,27162,0,4418,27878,9923,16905
1|0|100110,4139,6521,160113,64202,6462,47856,50489,48436,84855,1688,87249,5281,129,1071,5702,0,49914,10982,5431,33619,6435,0,0,15866,48211,867,6572,185,48045,2870,25967,23148,26136,0,4207,26825,9645,16089
1|0|100111,3896,6266,153542,61331,6125,45755,48084,46087,84983,1713,83150,5003,133,941,5496,0,47701,10498,4976,32414,6206,0,0,14964,45855,793,6362,185,46075,2724,24703,22403,24998,0,4020,25428,9463,15158
1|0|101000,3776,5994,146791,58454,5922,43688,46456,44169,81712,1700,80175,4682,108,752,5264,0,45342,9893,4692,30836,6083,0,0,14208,44232,747,5972,163,44113,2642,22791,21491,23928,0,3784,24262,9234,14610
1|0|101001,3641,5608,138912,55979,5645,41358,43632,41774,79637,1519,75952,4504,105,608,5076,0,43230,9311,4359,29036,5802,0,0,13598,41791,758,5703,166,41914,2471,21338,20366,22960,0,3548,22900,9037,13947
1|0|101010,3454,5413,132657,53173,5406,39544,42089,39677,79064,1334,72204,4115,74,468,4825,0,41115,9037,4083,27934,5432,0,0,13000,39758,686,5261,177,39611,2315,19543,19496,21688,0,3315,21794,8824,13330
1|0|101011,3276,5053,126503,50561,5190,37716,39860,38076,79239,1333,68662,3903,76,380,4588,0,38818,8410,3909,26594,5125,0,0,12289,37133,663,5105,129,37730,2196,17888,18392,20397,0,3221,20565,8492,12854
1|0|101100,3162,4833,119281,47546,4954,35792,37583,35723,79118,1316,65196,3636,83,274,4278,0,36804,7965,3648,25017,4781,0,0,11550,36136,637,4819,125,35395,2024,16510,17297,19606,0,3137,19211,8465,11893
1|0|101101,2916,4624,112739,45350,4741,33643,35466,34100,78860,1215,60950,3336,70,214,3963,0,35020,7229,3416,23632,4551,0,0,11075,33661,620,4552,124,33955,1953,14817,16196,18383,0,2910,18110,8120,11171
1|0|101110,2773,4365,105994,42801,4228,31874,33207,32099,79298,1133,57550,3075,79,169,3751,0,33094,6806,3146,22383,4427,0,0,10498,31911,544,4395,114,31608,1844,13364,15354,17405,0,2799,16936,7903,10540
1|0|101111,2542,4042,99299,40137,4149,29846,31362,29938,79281,1017,53895,2882,65,104,3570,0,31198,6397,2916,20964,4051,0,0,9844,29904,487,4024,124,30038,1781,11561,14575,16353,0,2598,15871,7719,9816
1|0|110000,2529,3799,93272,36954,3868,27774,29284,27869,77843,1062,50394,2700,47,93,3395,0,28894,5922,2658,19590,3755,0,0,9224,28339,441,3806,97,27701,1655,9442,13566,15169,0,2376,14827,7698,9407
1|0|110001,2274,3483,86888,34752,3572,26147,27373,26248,68240,933,46974,2486,32,51,3180,0,26700,5514,2476,18723,3460,0,0,8537,25983,472,3636,92,25968,1550,7769,12824,14104,0,2272,13461,7488,8545
1|0|110010,2078,3259,80472,32176,3369,24090,25378,23733,57957,916,43568,2226,19,46,2934,0,24911,5093,2242,16795,3247,0,0,7840,23852,407,3249,100,23983,1372,6166,11877,13162,0,2140,12350,7258,8052
1|0|110011,1899,3046,74215,29644,2917,22332,23272,22344,46902,771,40314,2096,21,22,2668,0,23289,4624,2125,15374,3084,0,0,7189,22161,353,3044,84,21881,1309,4763,10819,12029,0,1946,11173,7099,7226
1|0|110100,1717,2786,68093,26949,2827,20176,21507,20218,36179,734,36986,1798,8,27,2469,0,21075,4233,1932,14403,2751,0,0,6596,20029,351,2666,81,20319,1220,3332,9820,10842,0,1839,9963,7106,6832
1|0|110101,1569,2534,61986,24762,2478,18779,19295,18693,25739,679,33345,1648,6,10,2230,0,19067,3877,1663,12991,2521,0,0,6185,18650,313,2545,67,18476,1075,1837,8957,10019,0,1728,9128,7065,6227
1|0|110110,1363,2312,56026,22397,2223,16815,17346,16593,15343,581,30037,1572,2,9,1931,0,17338,3411,1480,11666,2214,0,0,5400,16434,309,2293,77,16647,986,393,8081,9194,0,1509,8015,6694,5440
1|0|110111,1265,2101,49512,19778,1998,14956,15449,14689,5227,545,26990,1265,0,2,1862,0,15372,3009,1330,10397,1994,0,0,4905,15073,264,2030,69,15001,857,0,7090,8068,0,1287,6867,6756,5073
1|0|111000,1149,1797,43548,17538,1696,13007,13774,13051,0,480,23679,1156,0,1,1601,0,13397,2697,1244,9193,1793,0,0,4219,13002,233,1764,38,12863,779,0,6464,7096,0,1102,5631,6733,4344
1|0|111001,991,1540,37678,15051,1509,11219,11710,11192,0,415,20361,948,0,1,1361,0,11708,2292,1021,8018,1522,0,0,3712,11378,177,1563,42,11484,650,0,5452,6077,0,997,4587,6722,3771
1|0|111010,774,1235,31866,12495,1292,9445,10064,9372,0,357,17209,843,0,0,1095,0,9960,1939,811,6808,1323,0,0,3035,9434,160,1246,32,9422,520,0,4631,5105,0,845,3595,6649,3182
1|0|111011,706,1077,25758,10204,1097,7698,7991,7840,0,286,14011,690,0,0,977,0,7839,1579,655,5397,1044,0,0,2609,7860,135,1082,31,7589,480,0,3920,4267,0,713,2510,6635,2631
1|0|111100,489,810,20020,7925,823,5958,6166,5963,0,216,10856,534,0,1,734,0,6274,1249,510,4298,816,0,0,1894,6106,117,818,29,5886,393,0,2939,3260,0,551,1481,6667,1989
1|0|111101,364,620,14315,5695,568,4304,4525,4294,0,166,7727,359,0,0,551,0,4495,838,380,2903,568,0,0,1373,4243,79,557,13,4244,258,0,2073,2360,0,383,510,6428,1400
1|0|111110,216,351,8520,3421,357,2524,2712,2479,0,94,4557,206,0,0,297,0,2600,503,215,1839,377,0,0,807,2657,40,343,12,2532,132,0,1255,1367,0,218,0,6439,861
1|0|111111,70,113,2815,1157,110,873,886,850,0,39,1533,68,0,0,126,0,846,156,67,601,111,0,0,240,868,19,113,4,806,49,0,428,487,0,68,0,6456,307
1|1|000000,0,20107,0,0,20378,0,0,0,0,0,0,20450,0,0,12827,0,0,0,20230,1182,20174,0,0,0,0,0,20055,5,149,7176,0,827,80877,0,0,0,12793,0
1|1|000001,0,19397,0,0,19940,0,0,0,0,0,0,20260,0,0,12649,0,0,0,20371,3535,19916,0,0,0,0,0,19640,25,2697,8497,0,2412,78725,0,0,0,12953,0
1|1|000010,0,19180,0,0,19058,0,0,0,0,0,0,19919,0,2,12191,0,0,0,19950,5845,19101,0,0,0,0,0,19295,30,5926,8450,0,4182,77104,0,0,0,13066,0
1|1|000011,0,18792,0,0,18931,0,0,0,0,0,0,19615,0,1,12122,0,0,0,19842,8138,18874,0,0,0,0,0,18905,47,9115,8455,0,5683,75546,0,0,0,13280,0
1|1|000100,0,18300,0,0,18288,0,0,0,0,0,0,19466,0,5,12082,0,0,0,19382,10353,18285,0,0,0,0,0,18189,58,12311,7886,0,7172,73437,0,0,0,12988,0
1|1|000101,0,17975,0,0,17750,0,0,0,0,0,0,19184,0,7,11794,0,0,0,19078,12755,18070,0,0,0,0,0,18159,73,15387,7759,0,8692,72365,0,0,0,13350,0
1|1|000110,0,17513,0,0,17498,0,0,0,0,0,0,18575,0,15,11587,0,0,0,18897,14808,17552,0,0,0,0,0,17733,67,18631,7580,0,10164,69875,0,0,0,13494,0
1|1|000111,0,17229,0,0,17317,0,0,0,0,0,0,18554,0,49,10974,0,0,1,18400,16707,17087,0,0,0,0,0,17418,96,21469,7392,0,11640,68387,0,0,0,13591,0
1|1|001000,124,17066,4993,1933,17151,1539,1552,1507,0,53,2756,18138,0,71,10685,280,1514,0,18122,18846,16645,0,0,487,1451,23,16584,127,24759,7358,0,13261,66869,22108,0,0,13594,489
1|1|001001,409,16087,14917,5802,16635,4421,4676,4398,0,173,8162,17867,0,116,10620,872,4522,0,17871,20903,16207,0,0,1481,4575,69,16148,147,27757,7042,0,14591,65628,65771,0,217,13595,1490
1|1|001010,659,15858,24792,9814,15997,7470,7768,7355,0,265,13355,17282,0,183,10895,1382,7706,0,17554,23109,16216,0,0,2387,7441,136,15955,140,30498,6819,0,16066,63514,108802,0,1708,13978,2493
1|1|001011,936,15562,34092,13623,15467,10350,10668,10152,0,377,18752,17091,0,300,10582,1822,10448,0,16987,24953,15593,0,0,3297,10377,174,15478,158,33536,6748,0,17358,61952,142026,0,3463,13780,3462
1|1|001100,1074,15174,43587,17459,15360,12997,13776,12969,0,476,23481,16750,0,451,10376,2015,13468,1,16671,27096,15224,0,0,4419,13227,213,14983,145,36019,6600,0,18706,60550,141462,0,5136,14064,4384
1|1|001101,1398,14691,53373,21280,14853,15714,16873,15962,0,587,28660,15999,0,582,10084,1723,16500,0,16393,28940,14688,0,0,5196,16001,273,14782,150,38782,6470,0,20029,58985,119140,0,6764,14131,5285
1|1|001110,1662,14545,62916,24929,14582,18540,19863,18741,0,665,33811,15842,0,704,9558,1205,19298,0,15943,31035,14393,0,0,6054,18799,320,14564,171,41363,6317,0,21432,57385,81693,0,8497,14216,6116
1|1|001111,1808,14044,71560,28656,14134,21369,22274,21387,0,757,38733,15469,0,974,9342,668,22008,0,15677,33160,14302,0,0,6924,21394,375,13828,182,44353,6070,0,23004,55664,46908,0,10064,14072,7130
1|1|010000,2090,13696,80527,32331,13453,24106,25253,24038,0,868,43659,15336,0,1221,8889,371,25102,0,15169,34563,13575,0,0,7924,24272,420,13547,207,47300,5948,0,24045,54577,22659,0,11992,14006,8098
1|1|010001,2227,13437,89335,35684,13286,26738,28147,26837,0,1025,48651,14930,0,1576,8746,101,27626,0,14855,36467,13298,0,0,8588,26810,482,13063,221,49748,5728,0,25461,53087,8219,0,13587,14132,8850
1|1|010010,2517,12849,98592,39669,12976,29238,30738,29340,0,1118,53310,14158,0,1722,8287,33,30360,0,14213,38511,13060,0,0,9626,29143,506,12953,214,52774,5642,0,26818,51729,2273,0,15056,14075,9970
1|1|010011,2718,12445,107026,42816,12307,32109,33572,32026,0,1160,57935,14029,0,2077,8153,2,32941,0,14104,40134,12550,0,0,10347,32191,588,12522,223,55064,5431,0,27815,50399,298,0,16747,13901,10933
1|1|010100,3092,12175,115456,46385,12213,34599,36356,34637,0,1219,62537,13533,0,2428,7615,0,36250,0,13393,42070,12334,0,0,11363,34648,619,12160,235,57677,5329,0,29375,49057,4,0,18457,13797,11476
1|1|010101,3237,11843,124387,49863,11807,36980,38922,36942,0,1287,67236,12999,0,2751,7512,0,38514,0,13017,43796,11923,0,0,11966,37341,685,11681,246,60194,5184,0,30346,47594,0,0,19869,13606,12410
1|1|010110,3451,11552,132539,53266,11526,39721,41650,39881,0,1469,72102,12443,0,2782,7527,0,41034,0,12435,45804,11440,0,0,12913,39477,709,11431,250,62518,4951,0,31967,45942,0,0,21401,13545,13451
1|1|010111,3718,11413,140462,56770,11448,42035,44066,42015,0,1529,76524,11741,0,3131,7651,0,43231,0,11941,47466,11117,0,0,13858,42297,725,11228,250,65097,4828,0,32896,44668,0,0,23036,13374,14149
1|1|011000,3907,10821,148871,59616,10728,44365,46728,44788,0,1581,81227,11384,0,3129,7679,0,45981,0,11673,49536,10927,0,0,14573,44587,750,10846,293,67529,4716,0,34035,43608,0,0,24369,13168,14891
1|1|011001,4123,10579,157018,62974,10373,46442,49355,47087,0,1684,85550,10705,0,3248,7602,0,48279,0,10921,51057,10408,0,0,15620,47386,818,10522,279,70265,4657,0,35210,42153,0,0,26086,13076,15910
1|1|011010,4313,10324,164695,66125,10357,49198,52108,49439,0,1787,89868,10224,0,3248,7527,0,51124,0,10553,52402,10278,0,0,16078,49795,856,10266,301,72370,4525,0,36422,40408,0,0,27249,12749,16355
1|1|011011,4415,9916,173254,69077,9943,51340,54501,52231,0,1904,94362,9694,0,3357,7216,0,53565,0,9688,51051,9728,0,0,17045,52072,944,9938,303,72531,4343,0,35175,39428,0,0,28815,12665,17058
1|1|011100,4665,9572,180760,72357,9616,54104,56433,54258,0,1912,98046,9286,0,3202,7646,0,56074,0,9098,48936,9351,0,0,17801,54236,997,9776,279,69802,4053,0,34036,38139,0,0,30542,12413,18310
1|1|011101,4822,9366,189382,75584,9310,56307,59197,56245,0,2049,102633,8894,0,3066,7653,0,57795,0,8875,47479,9309,0,0,18537,56463,979,9206,233,67782,4068,0,33389,37019,0,0,31369,12112,18891
1|1|011110,5148,9057,196924,77878,8957,58232,61775,59048,0,2136,106183,8363,0,2955,7506,0,61183,0,7948,46225,8831,0,0,19264,58506,1013,8958,268,65800,3947,0,32027,35679,0,0,33269,11614,19846
1|1|011111,5361,8615,203838,81769,8663,60920,63877,61150,0,2171,110880,7897,0,2670,7488,0,63057,0,7835,44505,8711,0,0,20063,61185,1096,8760,233,63189,3706,0,30601,34432,0,0,34458,11454,20062
1|1|100000,5312,8270,203895,81522,8472,61056,64276,60744,0,2195,110934,7476,0,2486,7316,0,63087,0,7366,42867,8209,0,0,19910,60994,1054,8259,225,60921,3663,0,29779,33341,0,0,34470,11141,20215
1|1|100001,5107,8041,196962,78697,8008,58755,61543,59092,0,2158,106624,7045,0,2228,6949,0,60647,0,7013,40908,8196,0,0,19085,58815,1088,8112,205,58880,3518,0,28774,32245,0,0,33038,10954,19444
1|1|100010,4893,7741,189178,75442,7659,56847,59136,56650,0,2018,102417,6592,0,1976,6641,0,58245,0,6478,39780,7678,0,0,18774,56626,1025,7749,198,56189,3368,0,27779,30670,0,0,32086,10807,18843
1|1|100011,4654,7467,182092,72464,7381,54210,57149,54667,0,2042,98945,6285,0,1773,6547,0,56365,0,6250,38506,7528,0,0,17728,53806,942,7433,186,54461,3223,0,26583,29356,0,0,30282,10231,18062
1|1|100100,4370,7044,174079,69854,7138,52223,54782,51927,0,1891,94346,5926,0,1483,6192,0,54425,0,6021,36761,7107,0,0,17099,52112,906,7114,211,51664,3090,0,25292,28254,0,0,29140,10153,17171
1|1|100101,4373,6806,168260,67328,6848,49864,52520,50286,0,1892,91235,5608,0,1274,5944,0,51903,0,5616,35242,6732,0,0,16134,49693,873,6906,190,49924,3039,0,24333,27398,0,0,27840,9835,16760
1|1|100110,4211,6494,160196,64258,6570,48016,50353,47996,0,1696,87221,5292,0,1139,5789,0,49713,0,5350,33975,6617,0,0,15454,48267,869,6616,172,48203,2779,0,23153,25948,0,0,26612,9707,16293
1|1|100111,3890,6301,153198,61108,6185,45406,47956,45941,0,1629,83270,4935,0,899,5491,0,47351,0,4975,32315,6077,0,0,15114,45728,806,6248,184,45764,2812,0,22484,24945,0,0,25441,9247,15455
1|1|101000,3812,5825,146570,58514,6050,43912,45999,43648,0,1548,79463,4610,0,744,5354,0,45377,0,4780,30778,5887,0,0,14259,44013,779,6014,164,43457,2559,0,21248,23699,0,0,24094,9298,14732
1|1|101001,3614,5657,139452,55819,5759,41730,43885,41794,0,1487,75340,4463,0,608,5154,0,43283,0,4341,29475,5692,0,0,13421,41918,704,5753,169,41838,2580,0,20206,22539,0,0,22928,8887,13948
1|1|101010,3441,5272,133000,53172,5411,39412,41627,39938,0,1454,72252,4101,0,460,4864,0,41139,0,4087,27957,5502,0,0,13034,40064,708,5379,141,39984,2268,0,19338,21700,0,0,21600,8764,13335
1|1|101011,3232,4980,125375,50692,5107,37686,39356,37837,0,1370,68546,3875,0,386,4501,0,38714,0,3901,26602,5153,0,0,12373,37943,680,5094,148,38049,2267,0,18298,20468,0,0,20398,8483,12616
1|1|101100,3145,4820,118981,47970,4780,35748,37592,35739,0,1304,64969,3634,0,298,4322,0,37222,0,3636,25096,4878,0,0,11561,35591,676,4835,139,35494,2126,0,17407,19677,0,0,19229,8176,12122
1|1|101101,2942,4587,112801,45235,4690,33942,35535,33945,0,1198,61254,3450,0,243,3971,0,34835,0,3370,23431,4654,0,0,11026,33944,567,4732,145,33734,2004,0,16339,18331,0,0,17916,8186,11182
1|1|101110,2661,4234,105859,42315,4316,31698,33151,31786,0,1102,57171,3160,0,140,3760,0,32767,0,3064,22261,4399,0,0,10218,32064,571,4368,124,31723,1903,0,15468,17087,0,0,16841,7971,10598
1|1|101111,2637,4108,99350,39801,4049,29813,31156,29880,0,1065,54290,2923,0,122,3629,0,30803,0,2871,21018,4058,0,0,9766,30192,537,4035,101,30179,1731,0,14415,16297,0,0,15757,7769,9965
1|1|110000,2504,3801,93638,37313,3819,27882,29478,27899,0,1024,50800,2745,0,104,3304,0,28901,0,2633,19608,3824,0,0,9056,27964,483,3741,112,28100,1666,0,13470,15303,0,0,14804,7626,9370
1|1|110001,2290,3481,86374,34739,3586,25773,27255,26044,0,925,46899,2481,0,68,3105,0,26905,0,2459,18153,3658,0,0,8474,25978,469,3418,102,26050,1557,0,12621,14162,0,0,13401,7455,8619
1|1|110010,2016,3327,80318,32089,3336,24213,25298,23989,0,801,43476,2190,0,44,2912,0,24872,0,2268,16998,3219,0,0,7753,24228,434,3325,97,24054,1453,0,11690,13112,0,0,12261,7257,8070
1|1|110011,1885,2987,74050,29510,3062,22323,23106,22283,0,807,40389,2026,0,31,2678,0,23178,0,2060,15750,2966,0,0,7201,22408,370,3069,78,22141,1314,0,10842,12110,0,0,11136,7135,7455
1|1|110100,1774,2741,68493,27011,2758,20413,21489,20224,0,751,36778,1901,0,17,2376,0,21040,0,1947,14263,2781,0,0,6577,20344,384,2819,81,20276,1183,0,9931,11194,0,0,10080,6992,6809
1|1|110101,1673,2539,61757,24590,2490,18641,19405,18629,0,687,33646,1749,0,11,2219,0,19067,0,1666,13164,2539,0,0,5889,18687,314,2473,83,18228,1097,0,8947,10032,0,0,9004,6979,6059
1|1|110110,1486,2359,55608,22050,2384,16444,17514,16826,0,655,30121,1430,0,8,2032,0,17394,0,1474,11517,2195,0,0,5425,16623,298,2330,63,16794,1018,0,8209,9001,0,0,7692,6912,5502
1|1|110111,1338,2000,49311,19643,2053,14814,15601,14908,0,502,26969,1303,0,1,1733,0,15371,0,1389,10451,1959,0,0,4876,14872,250,2001,54,14743,858,0,7331,8257,0,0,6738,6879,4963
1|1|111000,1192,1752,43555,17325,1796,12980,13551,13060,0,443,23667,1139,0,3,1544,0,13187,0,1162,9201,1749,0,0,4208,13037,242,1837,48,13066,810,0,6322,7084,0,0,5808,6617,4418
1|1|111001,974,1573,37912,14979,1524,11319,11835,11195,0,417,20235,961,0,2,1364,0,11683,0,917,7959,1510,0,0,3595,11289,207,1515,47,11187,666,0,5484,6159,0,0,4525,6791,3829
1|1|111010,801,1305,31667,12741,1355,9504,9951,9562,0,350,17214,886,0,1,1161,0,9943,0,816,6712,1345,0,0,3131,9458,207,1302,39,9412,583,0,4598,5061,0,0,3634,6700,3180
1|1|111011,657,1030,25871,10164,1059,7692,8171,7739,0,272,13923,697,0,0,859,0,7957,0,651,5439,1025,0,0,2495,7835,145,1068,35,7616,429,0,3761,4217,0,0,2587,6508,2537
1|1|111100,516,826,19862,7958,779,5933,6328,5995,0,204,10857,549,0,0,734,0,6106,0,496,4190,854,0,0,2038,6094,81,823,23,5933,351,0,2964,3270,0,0,1540,6582,2008
1|1|111101,391,588,14305,5811,598,4384,4514,4278,0,163,7686,391,0,0,575,0,4442,0,372,2969,596,0,0,1328,4308,84,603,17,4034,249,0,2044,2338,0,0,531,6545,1465
1|1|111110,215,337,8495,3468,338,2577,2636,2479,0,82,4661,212,0,0,320,0,2611,0,200,1790,375,0,0,886,2628,40,369,14,2522,134,0,1247,1357,0,0,0,6645,832
1|1|111111,82,112,2711,1130,112,831,857,794,0,30,1532,81,0,0,93,0,836,0,62,569,120,0,0,274,855,17,119,4,908,57,0,380,494,0,0,0,6474,276
2|0|000000,0,20447,0,0,19797,0,0,0,0,0,0,20652,0,0,13106,0,0,112068,20419,1140,20060,0,0,0,0,0,20210,8,133,7150,0,824,80463,0,0,0,12936,0
2|0|000001,0,19691,0,0,19751,0,0,0,4689,0,0,20258,0,0,12487,0,0,81736,20348,3497,19765,0,0,0,0,0,19906,28,2735,8636,0,2381,78908,0,0,0,12873,0
2|0|000010,0,19378,0,0,19101,0,0,0,18433,0,0,19756,0,0,12450,0,0,70023,19893,5839,19205,0,0,0,0,0,19134,30,5934,8323,0,4004,77134,0,0,0,13055,0
2|0|000011,0,18672,0,0,18931,0,0,0,38149,0,0,19846,0,1,11827,0,0,63222,19723,8058,18673,402,0,0,0,0,18680,45,9222,8064,0,5552,75119,0,0,0,12942,0
2|0|000100,0,18326,0,0,18548,0,0,0,64128,0,0,19447,0,0,11921,0,0,57438,19348,10428,18664,3258,0,0,0,0,18471,70,12365,8114,0,7261,73995,0,0,0,13010,0
2|0|000101,0,17793,0,0,18085,0,0,0,90291,0,0,19076,0,8,11916,0,0,53267,19080,12687,17762,6462,0,0,0,0,18218,73,15512,7877,0,8747,71559,0,0,0,13285,0
2|0|000110,0,17746,0,0,17577,0,0,0,116670,0,0,18657,0,20,11340,0,0,49721,18616,14646,17688,9628,0,0,0,0,17524,88,18873,7702,0,10275,69708,0,0,0,13391,0
2|0|000111,0,17194,0,0,17132,0,0,0,141885,0,0,18499,0,33,10885,0,0,46093,18261,16689,17118,12887,0,0,0,0,17144,87,21736,7428,0,11574,68509,0,0,0,13575,0
2|0|001000,138,16852,0,1940,16655,1522,1520,1478,151181,65,2664,18148,0,77,10564,271,1515,43848,18167,18932,16607,13913,0,470,1489,27,16596,109,24665,7141,0,13203,66921,22231,135,0,13827,494
2|0|001001,420,16404,0,6016,16326,4368,4650,4379,151285,143,7992,17542,0,129,10477,853,4730,41154,17643,21191,16333,14216,0,1506,4481,71,16440,133,27769,7192,0,14578,65209,66007,387,199,13690,1590
2|0|001010,607,15922,0,9918,16164,7341,7841,7286,151181,251,13318,17545,0,195,10928,1438,7514,39069,17354,22968,15892,14144,0,2425,7488,144,16009,123,30683,6880,0,15738,63412,108970,659,1776,14111,2374
2|0|001011,883,15217,0,13893,15443,10276,10809,10183,147019,355,18806,17027,0,287,10805,1888,10713,37136,17117,25125,15432,12895,0,3386,10214,168,15589,144,33596,6746,0,17377,61688,140842,904,3473,14041,3432
2|0|001100,1136,15155,0,17613,14971,12976,13749,13000,138981,416,23622,16785,0,450,10191,1908,13697,35369,16749,26861,15379,9782,0,4271,13069,211,15117,141,36263,6626,0,18805,60420,141606,1182,5216,14061,4380
2|0|001101,1365,14738,0,21253,14634,15958,16656,16126,131430,575,29081,16423,0,558,9997,1635,16493,33844,16338,28931,14815,7090,0,5145,15853,299,14834,150,38977,6308,0,20038,58951,119234,1374,6980,14056,5280
2|0|001110,1643,14146,0,24931,14371,18742,19643,18742,127309,652,33633,16126,0,720,9609,1151,19381,31772,15992,30965,14265,4108,0,6134,18860,313,14462,157,41809,6238,0,21678,57432,81712,1649,8542,14252,6151
2|0|001111,1893,14136,0,28489,14125,21606,22377,21327,127197,780,38743,15810,0,1035,9485,701,22289,30273,15650,32817,13918,1357,0,7159,21487,372,14066,173,44075,6197,0,23033,55994,47381,1903,10344,14347,7214
2|0|010000,2078,13480,0,32447,13432,24059,25272,24293,127246,863,43530,15060,0,1252,9018,335,24748,29265,15398,34966,13449,0,0,7891,24073,444,13531,181,47459,5783,0,24474,54987,22519,2104,11880,13961,7993
2|0|010001,2264,13296,0,35428,13185,26874,27960,27138,126951,956,48721,14824,0,1505,8622,110,27771,28154,15007,36692,13235,0,0,8766,26566,470,13308,196,50021,5678,0,25393,53069,8371,2301,13492,14213,9052
2|0|010010,2592,13101,0,39407,13108,29695,30676,29611,127245,1054,53157,14329,0,1798,8471,37,30241,26893,14369,38627,12704,0,0,9425,29422,572,13003,207,52390,5695,0,26658,51880,2295,2501,14932,14049,9884
2|0|010011,2835,12641,0,42296,12546,32265,33518,31977,127548,1195,57988,14055,0,2112,8257,1,33199,25946,13948,40371,12535,0,0,10506,32134,527,12499,240,55172,5407,0,27828,50190,282,2876,16568,13915,10744
2|0|010100,3029,12189,0,46414,12003,34659,36420,34896,126433,1241,62944,13400,0,2360,7746,0,35968,24752,13572,42382,12270,0,0,11319,35021,630,12250,235,57713,5291,0,29156,48658,4,3013,18275,13722,11512
2|0|010101,3151,12042,0,49446,11768,37214,38796,37257,119934,1358,67434,13130,0,2571,7472,0,38360,23667,12998,43588,11831,0,0,12080,37371,655,11904,241,60162,5203,0,30516,47750,0,3305,19840,13593,12534
2|0|010110,3359,11594,0,52726,11595,39580,41563,39613,112923,1404,71600,12554,0,2805,7517,0,40761,22658,12405,46122,11568,0,0,12831,39797,677,11422,268,62316,5004,0,31436,46360,0,3483,21175,13598,13205
2|0|010111,3648,11148,0,56255,11122,42100,44611,41969,105629,1579,76771,12053,0,3053,7638,0,43525,21855,12136,47414,11034,0,0,13645,42236,720,11109,269,65644,4912,0,33098,44986,0,3762,22732,13562,13998
2|0|011000,3837,10897,0,59730,10768,44346,46813,44418,99375,1621,80617,11485,0,3124,7358,0,46323,20748,11594,49351,10787,0,0,14464,44479,785,10621,302,67794,4762,0,34338,43408,0,3989,24373,12852,15099
2|0|011001,4006,10727,0,62997,10470,46686,49188,47407,92553,1684,85320,10957,0,3236,7410,0,48793,20117,10957,50812,10391,0,0,15545,47105,810,10525,268,70067,4517,0,35083,42120,0,4178,25781,12974,15768
2|0|011010,4316,10383,0,66057,10095,49268,51942,49666,85360,1740,90349,10215,0,3246,7507,0,50909,18830,10328,52355,10225,0,0,16185,49466,851,10139,255,72772,4477,0,36137,40729,0,4246,27162,12869,16421
2|0|011011,4381,9866,0,69114,10077,51801,54348,52054,81846,1952,94011,9680,0,3332,7515,0,53506,18165,9536,50593,9887,0,0,16886,52354,883,9827,271,72776,4320,0,34953,39403,0,4566,28802,12331,17318
2|0|011100,4665,9559,0,72605,9528,53396,57068,54584,81917,1979,98258,9372,0,3225,7606,0,56159,17504,9281,49449,9620,0,0,17611,54709,942,9544,272,69973,4193,0,34044,37922,0,4755,30200,11935,18023
2|0|011101,4909,8866,0,75443,9223,55949,59726,56534,81996,2013,102087,8837,0,3011,7574,0,58499,16794,8826,47530,9158,0,0,18691,56463,972,9203,259,68087,3987,0,33122,36694,0,4969,31434,12098,19086
2|0|011110,5085,8861,0,78700,8872,58532,61999,59355,82236,2177,105801,8400,0,2910,7601,0,60946,15995,8200,46184,8964,0,0,19065,58562,1037,8763,227,65548,3870,0,31662,35461,0,5088,32686,11932,19418
2|0|011111,5354,8552,0,82013,8537,60979,64203,61269,81677,2214,110726,7969,0,2652,7453,0,63003,15240,7828,44348,8622,0,0,20044,61734,1088,8578,245,63356,3797,0,30602,34877,0,5338,34268,11495,20512
2|0|100000,5250,8339,0,81680,8343,60817,63662,61116,81331,2165,110094,7446,0,2400,7312,0,62894,14797,7374,42637,8288,0,0,20286,60946,1107,8121,234,60952,3651,0,29860,33095,0,5426,34129,11169,20293
2|0|100001,5193,8026,0,78057,7930,59362,60978,58978,82149,2148,106447,6947,0,2227,7038,0,61004,14095,7084,41431,7972,0,0,19373,58929,1072,7997,235,58452,3560,0,28626,31747,0,5137,33177,10970,19715
2|0|100010,4972,7695,0,75473,7519,56738,59703,56752,84941,2029,102922,6673,0,2016,6742,0,58341,13417,6696,39870,7740,0,0,18420,56378,986,7749,210,56752,3388,0,27758,30697,0,4848,31898,10774,19036
2|0|100011,4708,7465,0,72878,7446,54281,57020,54521,84875,1921,98745,6380,0,1784,6540,0,56326,12665,6327,38112,7470,0,0,17851,54788,981,7395,243,53748,3266,0,26287,29870,0,4750,30374,10546,18189
2|0|100100,4659,7167,0,70172,7182,51904,54573,52344,84737,1912,95268,6068,0,1474,6275,0,54246,12485,5947,36554,7183,0,0,17046,52536,940,7306,201,51847,3124,0,25244,28578,0,4550,29562,10236,17652
2|0|100101,4286,6803,0,67035,6942,50324,52636,50085,84788,1799,90474,5553,0,1283,6060,0,51412,11487,5722,35300,7004,0,0,16809,50061,877,6744,206,50490,2938,0,24464,27212,0,4345,28108,9834,16751
2|0|100110,4109,6537,0,64310,6490,47690,50145,48167,85089,1738,86745,5154,0,1118,5750,0,49555,11042,5212,33657,6472,0,0,15716,48067,843,6558,158,47828,2873,0,23207,26301,0,4229,26480,9808,16013
2|0|100111,3965,6251,0,61398,6375,46109,48161,46067,84744,1695,82842,5006,0,986,5389,0,47651,10296,4913,32299,6373,0,0,14817,45988,841,6222,178,45780,2708,0,22234,24983,0,4010,25381,9534,15132
2|0|101000,3675,5800,0,58222,5984,44019,45335,43993,82133,1547,79415,4710,0,767,5277,0,45496,9896,4542,30745,6014,0,0,14206,44186,759,5836,149,43949,2581,0,21213,23813,0,3682,24383,9182,14767
2|0|101001,3637,5785,0,55452,5754,41800,43894,41947,78881,1463,75257,4406,0,603,5147,0,42933,9300,4453,29330,5600,0,0,13507,41971,758,5675,158,41810,2572,0,20247,22749,0,3586,22850,9042,13707
2|0|101010,3529,5532,0,52791,5467,39715,41834,39771,79607,1377,72228,4134,0,457,4904,0,41168,8850,4118,28025,5344,0,0,12968,39836,692,5369,175,39767,2319,0,19256,21458,0,3464,21488,8668,13280
2|0|101011,3269,5314,0,50420,5053,37423,39606,37891,79246,1350,68569,3860,0,362,4538,0,38859,8504,3850,26498,5150,0,0,12400,37680,660,5040,139,37652,2245,0,18457,20415,0,3283,20464,8419,12693
2|0|101100,3099,4806,0,47608,4824,35342,37323,35513,79207,1283,64889,3655,0,314,4293,0,36899,7882,3596,24922,4865,0,0,11726,35479,645,5123,129,35533,2127,0,17161,19536,0,3067,19089,8272,11946
2|0|101101,2920,4586,0,45063,4729,33375,35610,33670,79118,1247,61192,3319,0,221,4150,0,34994,7351,3351,23535,4566,0,0,10962,33496,562,4542,145,33861,1950,0,16291,18326,0,2944,18195,8349,11372
2|0|101110,2708,4325,0,42305,4183,31828,33301,32026,79057,1166,57677,3233,0,159,3925,0,32948,6937,3142,22302,4320,0,0,10357,31909,540,4288,141,31806,1916,0,15493,17624,0,2821,17222,8091,10685
2|0|101111,2601,4112,0,39586,3953,29774,31337,30317,79055,1094,54186,2923,0,123,3479,0,30587,6384,2933,20805,4094,0,0,9723,30040,534,3926,115,29608,1762,0,14475,16212,0,2632,15541,7624,9992
2|0|110000,2530,3813,0,37378,3899,28040,29193,27832,77828,960,50375,2716,0,85,3308,0,28781,6087,2714,19767,3963,0,0,9240,27932,512,3822,120,27570,1599,0,13652,14959,0,2468,14569,7554,9339
2|0|110001,2294,3534,0,35022,3478,25765,27073,26130,67612,939,47184,2527,0,64,3122,0,26771,5540,2582,18171,3520,0,0,8501,26240,436,3511,82,26003,1511,0,12499,13970,0,2307,13469,7358,8716
2|0|110010,2052,3318,0,32092,3261,24167,25262,24391,57843,928,43391,2294,0,33,2944,0,24843,5170,2289,16933,3275,0,0,7727,24016,388,3238,95,24163,1437,0,11651,13027,0,2116,12416,7541,7985
2|0|110011,1904,2900,0,29306,3031,22208,23350,22348,46803,822,40489,2100,0,32,2550,0,23035,4650,2160,15615,2972,0,0,7301,22336,382,3097,102,22393,1337,0,10889,12019,0,1916,11202,7212,7459
2|0|110100,1728,2709,0,26971,2634,20539,21340,20480,36456,718,37122,1853,0,18,2412,0,21136,4255,1890,14164,2788,0,0,6705,20061,364,2832,69,20498,1217,0,9750,11143,0,1763,10148,7091,6654
2|0|110101,1585,2582,0,24876,2539,18527,19361,18732,26002,643,33986,1748,0,8,2189,0,19200,3872,1664,12713,2552,0,0,5977,18615,304,2521,54,18501,1118,0,9081,10025,0,1587,8993,7002,6209
2|0|110110,1460,2310,0,22069,2332,16546,17522,16475,15368,624,30006,1510,0,7,2061,0,17387,3416,1464,11678,2334,0,0,5255,16785,303,2229,59,16692,1033,0,8137,8974,0,1464,7846,6942,5596
2|0|110111,1323,2063,0,19584,2079,14789,15621,14668,5106,551,27043,1402,0,5,1735,0,15404,3052,1385,10292,2051,0,0,4805,15220,298,2073,50,14829,921,0,7293,8151,0,1284,6750,6822,4856
2|0|111000,1065,1823,0,17385,1800,13090,13869,13101,0,459,23908,1100,0,1,1561,0,13438,2644,1137,9269,1785,0,0,4246,13025,249,1737,61,12878,732,0,6269,7117,0,1112,5698,6749,4376
2|0|111001,987,1538,0,14964,1497,11208,11874,11398,0,398,20596,978,0,0,1385,0,11659,2194,984,7947,1524,0,0,3655,11390,202,1463,40,11143,706,0,5382,6043,0,1012,4601,6631,3673
2|0|111010,865,1307,0,12778,1210,9623,10095,9516,0,361,17306,803,0,0,1150,0,9785,1983,829,6550,1357,0,0,3122,9639,164,1310,31,9549,555,0,4586,5198,0,834,3688,6600,3163
2|0|111011,724,1067,0,10246,1053,7776,8040,7745,0,289,13965,678,0,0,900,0,8207,1552,669,5393,1113,0,0,2553,7646,124,1071,30,7808,430,0,3726,4251,0,669,2480,6693,2598
2|0|111100,522,873,0,7872,784,5973,6339,5910,0,220,10841,520,0,0,739,0,6170,1264,528,4234,741,0,0,1959,6166,120,811,22,6060,362,0,2940,3225,0,539,1549,6498,1990
2|0|111101,342,575,0,5698,559,4250,4465,4179,0,156,7728,374,0,0,495,0,4359,830,383,2930,574,0,0,1346,4209,81,609,25,4104,229,0,2042,2372,0,359,496,6570,1476
2|0|111110,218,334,0,3438,337,2588,2735,2524,0,98,4621,215,0,0,319,0,2618,506,248,1795,350,0,0,811,2504,47,351,13,2496,155,0,1215,1374,0,231,0,6422,847
2|0|111111,80,119,0,1118,110,867,875,841,0,23,1490,71,0,0,111,0,810,167,62,594,126,0,0,267,901,9,132,2,845,58,0,428,481,0,68,0,6428,284
2|1|000000,0,20398,0,0,20279,0,0,0,0,0,0,20548,0,0,13045,0,0,2,20471,1229,20261,0,0,0,0,0,20150,6,149,7071,0,767,80362,0,0,0,12932,0
2|1|000001,0,19616,0,0,19381,0,0,0,0,0,0,20433,0,0,12673,0,0,0,20360,3478,19539,0,0,0,0,0,19679,27,2670,8602,0,2394,78738,0,0,0,12913,0
2|1|000010,0,19198,0,0,19355,0,0,0,0,0,0,20107,0,0,12423,0,0,0,19975,5876,19266,0,0,0,0,0,19377,37,5906,8287,0,4146,77223,0,0,0,12933,0
2|1|000011,0,18675,0,0,18719,0,0,0,0,0,0,19767,0,0,12027,0,0,0,19725,7964,18838,0,0,0,0,0,18760,35,9183,8246,0,5477,75266,0,0,0,13274,0
2|1|000100,0,18534,0,0,18360,0,0,0,0,0,0,19328,0,7,11911,0,0,0,19656,10102,18470,0,0,0,0,0,18352,51,12275,8128,0,7119,73114,0,0,0,13236,0
2|1|000101,0,18061,0,0,18013,0,0,0,0,0,0,19362,0,13,11820,0,0,0,19134,12403,17957,0,0,0,0,0,18205,64,15718,7745,0,8671,71739,0,0,0,13321,0
2|1|000110,0,17316,0,0,17643,0,0,0,0,0,0,18755,0,15,11352,0,0,1,18829,14920,17537,0,0,0,0,0,17532,73,18530,7571,0,10287,70450,0,0,0,13246,0
2|1|000111,0,17124,0,0,17353,0,0,0,0,0,0,18300,0,52,11140,0,0,0,18513,16928,17044,0,0,0,0,0,17225,88,21511,7477,0,11664,68593,0,0,0,13468,0
2|1|001000,133,16839,0,2021,16699,1551,1566,1498,0,57,2768,18144,0,78,10695,295,1553,0,18124,18890,16551,0,0,482,1427,39,16671,113,24222,7391,0,13258,67094,21945,0,0,13716,540
2|1|001001,392,16243,0,6002,16315,4456,4749,4467,0,148,7960,17856,0,130,10582,809,4612,0,17729,21165,16396,0,0,1499,4421,65,16351,111,27912,7081,0,14592,64921,65758,0,194,13632,1507
2|1|001010,621,15788,0,9973,16175,7378,7827,7450,0,280,13168,17581,0,196,10915,1458,7606,0,17436,23169,15879,0,0,2368,7430,119,15802,131,30406,7046,0,15729,63667,108969,0,1756,13937,2488
2|1|001011,895,15627,0,13723,15702,10107,10851,10350,0,366,18124,17004,0,305,10660,1843,10870,0,17152,25205,15640,0,0,3280,10030,175,15448,135,33353,6681,0,17252,62231,142087,0,3387,13937,3326
2|1|001100,1124,15320,0,17607,15236,13028,13803,13171,0,516,23813,16678,0,420,10530,1951,13669,0,16912,27004,15154,0,0,4248,12840,202,15039,170,36287,6638,0,18923,60784,141818,0,5144,14237,4314
2|1|001101,1402,14711,0,21166,14765,15713,16890,15800,0,533,28580,16213,0,589,10168,1628,16529,0,16466,29191,14877,0,0,5223,16035,266,14713,176,38980,6552,0,20342,59167,119660,0,6917,14078,5269
2|1|001110,1615,14539,0,24756,14286,18515,19527,18871,0,698,33895,15960,0,806,9547,1164,19415,0,15878,31170,14547,0,0,6073,18886,346,14416,187,42122,6282,0,21707,57880,81950,0,8534,13958,6340
2|1|001111,1951,13864,0,28810,13803,21312,22285,21564,0,801,39216,15543,0,1009,9194,738,22361,0,15567,32914,13919,0,0,7062,21326,405,13874,198,44079,5984,0,23092,56104,48068,0,10228,14239,7039
2|1|010000,2139,13622,0,32270,13555,24067,25206,24272,0,870,43789,15206,0,1266,8701,349,24902,0,15168,34916,13539,0,0,7926,24231,418,13748,198,47222,5886,0,24254,54623,22776,0,11985,14040,7993
2|1|010001,2357,13364,0,36053,13273,26884,28138,26607,0,936,48524,14605,0,1551,8813,131,27792,1,14803,36725,13264,0,0,8858,27062,421,13340,181,49760,5737,0,25433,52812,8244,0,13598,14049,9049
2|1|010010,2591,12991,0,39605,12978,29231,30581,29307,0,1077,53393,14460,0,1832,8319,28,30197,0,14363,39005,13025,0,0,9681,29707,534,12785,218,52754,5728,0,26699,51708,2325,0,15283,14099,9672
2|1|010011,2743,12572,0,42757,12445,32021,33791,32059,0,1196,57802,13880,0,2060,8027,4,32996,0,14152,40356,12521,0,0,10359,32222,536,12439,218,55267,5520,0,28091,50709,284,0,16600,14069,10775
2|1|010100,2891,12197,0,46407,12153,34817,36568,34724,0,1320,62420,13442,0,2490,7765,0,35532,0,13549,42386,12451,0,0,11350,34964,612,12177,241,57700,5347,0,29129,48715,2,0,18388,13930,11519
2|1|010101,3279,11770,0,49760,11578,37060,38994,36883,0,1391,67949,13181,0,2584,7513,0,38527,0,12941,43564,11784,0,0,11998,37360,666,11869,259,60026,5149,0,30549,47400,0,0,20011,13494,12246
2|1|010110,3400,11518,0,52940,11464,39842,41522,39802,0,1426,71326,12644,0,2868,7646,0,41036,0,12456,45715,11287,0,0,13005,39716,670,11475,256,62829,5096,0,31777,45982,0,0,21088,13595,13157
2|1|010111,3596,11211,0,56732,11129,41961,44187,42294,0,1526,76330,12116,0,3097,7368,0,43606,0,11895,47557,11243,0,0,13961,42430,743,11252,268,65251,4939,0,32818,44794,0,0,23020,13426,14068
2|1|011000,3831,10877,0,59811,10920,44339,47141,45051,0,1634,80962,11334,0,3154,7552,0,46021,0,11636,49373,10917,0,0,14556,44680,778,10864,293,67610,4737,0,34211,43477,0,0,24578,13017,14954
2|1|011001,4095,10564,0,62165,10714,47065,49211,46965,0,1686,85628,10953,0,3244,7509,0,48371,0,10885,51250,10464,0,0,15344,46976,822,10604,311,69814,4663,0,35426,42033,0,0,25640,12827,15683
2|1|011010,4277,10294,0,65867,10016,49284,51844,49621,0,1771,89547,10335,0,3142,7517,0,51198,0,10319,51795,10147,0,0,16290,49688,904,10275,293,72196,4456,0,36057,40912,0,0,27458,12788,16613
2|1|011011,4490,9781,0,69506,9938,51776,54560,51839,0,1884,94185,9858,0,3300,7659,0,53405,0,9833,51008,9791,0,0,16892,51778,950,9798,266,72583,4262,0,35169,39400,0,0,28705,12752,17147
2|1|011100,4701,9466,0,71866,9447,53717,56771,54060,0,1973,97757,9199,0,3206,7474,0,55767,0,9430,49302,9550,0,0,17727,54387,965,9554,268,70536,4130,0,33934,38162,0,0,30079,12234,18125
2|1|011101,4851,9257,0,75472,9134,56348,59651,56442,0,2046,102485,8703,0,2962,7435,0,57889,0,8636,47050,9171,0,0,18432,56198,999,9071,274,67633,4039,0,33349,37324,0,0,31314,12100,18903
2|1|011110,5136,8950,0,78037,8816,58400,61877,58942,0,2137,106908,8390,0,2923,7453,0,60658,0,8224,45865,8878,0,0,18926,58872,1022,8971,234,65888,3955,0,31911,35824,0,0,32754,11862,19470
2|1|011111,5262,8638,0,81992,8626,60822,64391,61069,0,2182,110427,7728,0,2694,7541,0,63167,0,7726,44319,8615,0,0,19862,61086,1102,8692,235,63213,3703,0,30922,34596,0,0,34397,11503,20314
2|1|100000,5131,8293,0,81083,8356,60956,64200,61330,0,2161,110731,7474,0,2443,7542,0,63353,0,7497,42506,8406,0,0,19796,61310,1067,8357,232,61253,3684,0,29635,33230,0,0,34509,11314,20556
2|1|100001,5186,8046,0,78913,7995,58492,61880,58536,0,2118,106614,6903,0,2197,7131,0,60868,1,7056,41282,8047,0,0,19530,58990,1049,7916,256,58359,3517,0,28861,32139,0,0,33272,11071,19510
2|1|100010,4810,7656,0,75340,7715,56286,59329,56756,0,1994,102504,6638,0,2032,6753,0,58490,0,6688,39851,7894,0,0,18607,56405,1033,7676,196,57217,3368,0,27439,30876,0,0,31656,10741,18835
2|1|100011,4597,7187,0,73273,7296,54034,57237,54323,0,1953,98557,6221,0,1743,6514,0,56302,0,6379,38398,7377,0,0,17728,54339,983,7375,215,55020,3313,0,26673,29675,0,0,30674,10460,18139
2|1|100100,4517,7010,0,69513,7208,52177,55208,52264,0,1837,94639,5993,0,1479,6225,0,54071,0,5993,36556,7242,0,0,17134,52896,912,7070,210,52129,3065,0,25610,28252,0,0,29051,10091,17439
2|1|100101,4263,6901,0,66921,6840,49806,53111,50266,0,1853,90363,5631,0,1317,5989,0,51553,0,5594,35095,6753,0,0,16506,49995,873,6810,193,49952,2935,0,24374,27324,0,0,27683,9878,16907
2|1|100110,4211,6627,0,63931,6468,47898,50213,48433,0,1752,87129,5268,0,1130,5762,0,49810,0,5418,33893,6644,0,0,15709,48033,836,6441,174,48194,2760,0,23526,26068,0,0,26824,9584,16092
2|1|100111,4008,6266,0,61237,6227,46181,47957,45788,0,1709,83085,4954,0,951,5477,0,47169,0,4905,31951,6291,0,0,15167,45976,801,6166,180,45762,2760,0,22379,25234,0,0,25402,9536,15082
2|1|101000,3783,5945,0,58368,5806,43561,46140,44163,0,1638,78982,4679,0,718,5343,0,45546,0,4685,30785,5899,0,0,14245,43959,778,5916,170,43702,2589,0,21149,23907,0,0,24240,9142,14510
2|1|101001,3521,5584,0,55144,5717,41634,43838,42367,0,1475,75411,4365,0,587,4971,0,43327,0,4427,29366,5694,0,0,13617,41820,723,5595,159,41763,2562,0,20292,22662,0,0,23061,8990,14039
2|1|101010,3462,5314,0,53056,5446,39722,41717,40156,0,1440,72117,4225,0,508,4854,0,41081,0,4125,27847,5328,0,0,12978,39924,725,5487,173,39728,2398,0,19179,22066,0,0,21727,8806,13150
2|1|101011,3216,5115,0,50278,5316,37264,39527,37844,0,1376,68486,3925,0,341,4528,0,38657,0,3957,26371,5092,0,0,12408,37961,638,4998,149,37592,2321,0,18206,20488,0,0,20563,8453,12640
2|1|101100,3112,4941,0,47754,4818,35757,37584,35767,0,1306,64696,3603,0,292,4200,0,36929,0,3690,25022,4876,0,0,11503,35799,615,4941,129,35447,2191,0,17355,19463,0,0,19221,8378,12074
2|1|101101,2898,4494,0,45114,4576,33539,35656,33548,0,1217,61286,3391,0,217,3996,0,35254,0,3398,23791,4683,0,0,10975,33886,608,4709,146,33725,1941,0,16376,18458,0,0,18101,8268,11269
2|1|101110,2799,4370,0,42345,4257,31951,33500,31716,0,1147,57805,3080,0,162,3839,0,32706,0,3204,22565,4230,0,0,10491,31894,558,4296,119,31729,1816,0,15348,17171,0,0,17064,7774,10628
2|1|101111,2543,4156,0,39650,4017,29776,30974,29926,0,997,54420,2975,0,121,3529,0,30626,0,2835,21101,4084,0,0,9838,29771,549,3950,110,29997,1808,0,14626,16342,0,0,15733,7696,9874
2|1|110000,2412,3829,0,37662,3707,28067,29071,27936,0,990,50351,2661,0,85,3252,0,28412,0,2713,19492,3786,0,0,9097,27886,464,3814,92,28069,1665,0,13578,15099,0,0,14589,7615,9292
2|1|110001,2223,3599,0,34430,3509,26235,27123,25638,0,929,47196,2419,0,70,3081,0,26693,0,2429,18321,3504,0,0,8558,25926,416,3660,88,26269,1451,0,12601,14190,0,0,13431,7507,8650
2|1|110010,2135,3257,0,32272,3317,23900,25478,24170,0,940,43832,2277,0,29,2964,0,24822,0,2182,16955,3335,0,0,7903,23752,468,3259,86,23775,1405,0,11632,13245,0,0,12334,7306,8063
2|1|110011,1896,3040,0,29939,3048,22136,23243,22410,0,815,40333,2126,0,21,2586,0,22914,0,2017,15713,3007,0,0,7327,22451,408,2927,93,22311,1307,0,10933,11951,0,0,11081,7278,7435
2|1|110100,1695,2747,0,27164,2734,20114,21444,20035,0,781,36876,1870,0,21,2432,0,21075,0,1878,14134,2736,0,0,6698,20315,343,2751,93,20567,1199,0,9819,11125,0,0,9983,7193,6788
2|1|110101,1600,2434,0,24688,2535,18449,19500,18410,0,620,33475,1715,0,12,2271,0,19212,0,1749,12994,2491,0,0,6089,18656,324,2549,78,18213,1070,0,8722,10178,0,0,8975,7066,6170
2|1|110110,1481,2293,0,22240,2264,16567,17525,16770,0,634,30471,1567,0,8,1986,0,17636,0,1555,11727,2317,0,0,5275,16756,287,2297,49,16793,1014,0,8230,8997,0,0,7784,7039,5542
2|1|110111,1245,1942,0,19837,2027,14731,15586,14788,0,548,27081,1337,0,4,1767,0,15322,0,1307,10276,2120,0,0,4869,14853,294,1962,51,14895,894,0,7185,7960,0,0,6890,6762,4833
2|1|111000,1149,1764,0,17279,1749,13062,13700,13174,0,451,23513,1194,0,2,1519,0,13498,0,1159,9185,1769,0,0,4326,12920,242,1720,58,13114,785,0,6352,7158,0,0,5677,6735,4335
2|1|111001,986,1509,0,14893,1521,11172,11872,11296,0,433,20467,994,0,0,1347,0,11519,0,967,7667,1506,0,0,3706,11441,208,1500,52,11373,703,0,5558,6192,0,0,4546,6681,3866
2|1|111010,826,1242,0,12463,1257,9646,10248,9315,0,339,17196,858,0,1,1111,0,9859,0,852,6700,1324,0,0,3144,9589,184,1331,39,9506,592,0,4697,5174,0,0,3689,6642,3189
2|1|111011,692,1059,0,10344,1038,7797,8235,7859,0,272,14030,700,0,0,944,0,7925,0,666,5573,1064,0,0,2522,7648,138,1022,29,7751,456,0,3737,4272,0,0,2554,6513,2595
2|1|111100,525,805,0,8110,823,5862,6434,5980,0,209,10974,500,0,0,758,0,6209,0,531,4256,815,0,0,1968,6046,107,816,20,6049,368,0,2994,3040,0,0,1567,6545,2068
2|1|111101,411,582,0,5536,561,4152,4450,4254,0,167,7776,366,0,0,507,0,4409,0,365,3009,622,0,0,1378,4270,69,609,21,4276,239,0,2149,2329,0,0,489,6506,1415
2|1|111110,220,318,0,3325,328,2494,2660,2589,0,98,4557,219,0,0,312,0,2689,0,211,1845,354,0,0,815,2614,40,306,10,2527,157,0,1187,1383,0,0,0,6473,934
2|1|111111,74,125,0,1171,110,907,878,827,0,25,1541,76,0,0,107,0,860,0,64,588,115,0,0,297,839,18,104,3,793,44,0,394,477,0,0,0,6501,281
